id,valeur_fonciere
97,27509098000.0
98,38.2551
99,1086.468
100,7899.163
101,707.3903
102,60.56885
103,793.958
105,999.2622
106,119.103355
107,23.68492
109,331.72302
110,13956.747
111,23.488401
113,116.47421
114,151.87857
115,19342852000.0
116,92.2899
118,36.828835
119,4202025700.0
120,1149.0924
122,15.43115
123,288.18506
124,488229.7
125,93.21781
126,38.455933
127,1941.0583
128,37901530000.0
129,177.67761
